GeneName,0a,0b,2a,2b,8a,8b,16a,16b
Acin1,101418.6526,100011.126,99758.96524,95350.24222,86309.08291,88542.47987,76157.88334,78989.50748
Add1,88357.30818,88817.82368,86832.95293,92630.90104,88549.68614,91932.59914,69932.72009,71266.99763
Ankhd1,15307.89767,15526.74233,18604.10117,20009.36117,23475.194,22353.66733,21926.56285,22953.12975
Arhgap25,11001.05038,10087.33105,28317.00357,28758.93624,26794.93619,24408.09867,14531.4379,15684.40803
Arhgap30,11917.51986,12544.67786,17755.44971,17222.83243,15665.18886,15054.20071,12019.77114,13218.57831
Atad1,2098.16065,1839.6918,5826.716,4631.799,7104.562,6712.2855,6200.76695,5975.1329
Atxn2l,20798.72661,21077.41267,25603.74867,26448.34394,30514.96994,29205.00433,32657.29138,32491.52513
Baiap2,46261.29275,45372.47875,42220.257,47586.2585,60592.08125,58247.01425,60767.13763,60915.47305
C2cd5,14696.75193,14388.8664,18550.5914,18091.5484,15564.89213,15979.952,13854.76813,13720.6088
Camlg,5465.565,5538.138,7604.240667,7945.777333,7348.644333,6679.573333,8228.134133,8807.384067
Canx,152029.8094,147404.7367,154738.6037,154363.0268,150677.6573,152573.0075,180606.5844,181872.5748
Ccnk,195820.8621,188453.6886,185038.1973,167985.2266,136994.7686,144062.8497,120241.5998,120625.8497
Copb2,5123.946,5377.532,10655.7,9768.541,11869.094,11578.68,10371.8923,10614.1916
Cry1,11800.16,11652.71,17410.34,16404.945,19108.8985,17353.355,17372.38175,18189.63035
Ddx20,8466.047167,8943.065667,12800.40433,9978.495167,15034.7975,14644.15267,24542.66145,23722.97585
Dmxl1,6531.79,6152.185,11962.275,12245.95,13593.273,11927.39,9424.1976,9912.72175
Dopey2,9193.712125,9682.745875,13193.35963,14417.26275,14291.32688,13773.96775,11471.09056,12037.38501
Dync1li1,23932.56913,24602.08488,36949.081,34609.66563,36178.36038,35209.78713,30713.38099,30793.28171
Ei24,20108.422,17598.7495,37134.7685,37607.545,33274.325,29430.2855,29631.2449,28105.50815
Eif3b,20839.6412,21412.5107,20607.2665,20618.02525,20650.47085,20731.18015,26442.01101,26480.57978
Eif4b,22060.83444,22115.34278,41630.86444,37455.23172,47635.0345,44021.61689,52884.56764,56962.38169
Eif4enif1,13155.15982,13384.19782,14713.692,13361.39536,15415.26327,14346.89055,19653.64806,21117.68892
Eif4g1,26200.82911,25622.85483,16940.85906,18860.18517,22391.157,21784.26867,33563.86828,33330.83631
Emc4,35493.685,34306.1375,49133.955,48570.895,47912.13825,45262.4875,38840.08945,39488.77438
Fam193a,15586.20743,16505.18229,17567.34229,17947.68757,22023.59014,20927.12114,21869.68439,21731.24429
Fam195b,8181.571889,8252.409333,12416.53456,11400.87611,14948.34333,13518.59711,13362.81411,13668.81307
Hectd2,7299.644,6946.336,11462.77,11086.25,13551.026,12571.58,13035.2153,13895.6578
Hirip3,10049.36961,10249.14381,10837.27597,10054.12622,16694.37103,15413.5245,37012.34773,39401.29765
Hnrnph1,162464.463,163121.369,289477.6567,268279.4817,333623.781,302773.4443,238315.5978,244831.9405
Hps5,18010.14,18848.46,27574.4,26040.22,21809.688,21790.4,20741.7449,20118.1612
Htt,12829.206,13443.6505,23621.89,25129.985,20056.6365,17190.315,17911.20815,16878.6527
Inpp5d,27168.86717,27005.6635,52621.56175,52751.91942,52792.7445,48660.65825,36442.7556,35735.36545
Ints10,7829.749333,8486.718667,16325.48333,14249.39267,13018.98867,12721.10167,12752.85233,12977.69837
Iqcj,15247.2,15164,22625.86,23287.12,24741.717,24960.88,25440.2137,25128.9437
Itgb1bp1,5268.399375,5347.929,11229.17225,9459.329625,14302.4035,13943.22063,13485.88973,15215.9163
Kif13b,13864.39,13803.76267,12317.69083,12617.766,16385.62733,17272.73617,16852.32052,17939.3629
Lcp2,13963.7638,14053.5578,23363.7046,22697.096,28509.4595,25753.597,22403.20296,23571.7684
Maf1,8780.116,8594.2815,15033.819,13646.088,16862.3935,15369.5145,15145.3247,14992.8487
Malt1,5502.191,5581.481667,7800.173333,7528.516667,7951.518,7768.712,8642.136267,8368.727633
Mief1,20892.81,22145.44367,37888.22667,35480.66333,35280.44,35094.33667,33586.76053,33246.83817
Mink1,15099.78288,14330.18688,15902.32438,17029.85075,19660.08744,19103.51569,20489.91778,19572.76899
Nefh,7050.84975,7066.08975,13319.09138,10659.04888,20714.42488,19031.03788,24043.30153,26122.10701
Nfkb2,12906.7355,13273.3395,16417.3125,17259.1675,23215.4895,20936.095,25246.82618,24464.84783
Nup35,14307.51571,12935.026,22101.62114,19444.20114,25593.17057,24383.914,21918.90404,21324.46626
Osbp,37895.17571,37273.49946,43338.37096,40930.8245,38577.14225,38376.10042,33076.92455,31738.33977
Pan2,6367.944,5678.046,21117.285,19638.63,18588.245,15096.215,13919.40865,13801.21445
Parvg,10039.5695,10088.813,19519.885,19566.91,25498.7565,24485.475,19038.37115,19691.7261
Pdap1,95454.26222,95548.94022,78619.79389,94127.75333,91660.63156,89610.54889,134207.2822,139755.7038
Pdlim5,11622.37528,10678.17889,15447.66322,14202.84783,17210.85689,16947.51911,15393.312,15397.45027
Ppm1g,9612.383,8776.821125,24839.27463,23791.74013,24232.057,22083.59963,19292.83075,19692.58253
Ppp1r12a,29179.00647,29141.15606,27854.60806,28992.04682,26113.95894,26161.20094,24032.57165,23174.29814
Ppp1r18,27607.08975,26479.94675,48766.87292,49601.408,45893.74867,41056.86425,35278.17308,37063.24418
Prkca,58209.89,50414.71,56710.3,50314.61,88415.5285,82463.095,85285.0828,86884.81715
Ptpn12,13926.49758,14196.31283,19743.83392,19574.719,18871.7755,17612.67258,15309.86755,15376.62256
Pxn,23391.2519,24289.8971,28789.4628,29261.4734,30987.1763,30570.7813,32610.48775,32502.26774
Rabggta,10421.91,9124.708,25582.81,21328.24,34733.678,34012.71,30299.6215,32338.8141
Ranbp2,12564.72755,12125.99906,15007.26116,14361.17784,17092.14271,16553.67655,15779.64149,16611.21163
Rbbp4,25996.09,23949.72,35770.65,34591.69,39167.25,36437.65,32778.8193,31953.1891
Rgcc,37019.79883,37547.308,65600.78,64740.15233,79484.6735,70800.68167,49077.12902,51211.52867
Rictor,10156.51825,10062.56875,10908.593,10829.9875,13090.871,12710.5655,14176.54943,13354.5922
Rps6ka3,16369.1134,17131.182,27698.832,28440.438,24254.0002,22634.4628,19662.25844,20917.37368
Rrp1,9087.267188,8730.372388,10092.76425,8787.134125,15367.18513,14253.06475,18456.99469,19971.57713
Samsn1,4288.111667,4109.565333,4640.5685,4777.508667,7672.223167,7007.354333,8458.865583,8893.66875
Sec23ip,14738.6056,13520.781,26969.3608,25828.7852,28696.2758,26716.852,23980.4213,23982.24754
Sgk223,25825.79783,19255.0625,60726.37533,55913.3785,36565.86,37094.468,27391.98653,28108.12118
Slc26a2,2792.238,2739.305,11971.75,10774.16,9157.972,9278.369,6384.8047,7990.7387
Slmap,5658.11125,4726.9125,8191.886,7934.38925,8479.40725,8762.44075,6443.31885,6408.085525
Snx2,2775.7515,2865.1285,14314.07,12413.24,13568.364,11822.605,8223.77555,8737.4868
Spag7,6084.207,6737.592,9301.887,8791.949,8203.9995,7848.185,10068.6782,10260.73
Spata5,22758.379,21792.5595,23199.706,24017.3415,26697.614,27796.8735,33983.77615,32650.8176
Srpk2,14901.92478,14724.82067,38578.73611,41938.26933,29613.48544,32806.16144,16144.50101,21056.77519
Srsf9,83727.05529,82895.58414,80198.733,75101.16743,99454.62129,96272.14243,121893.5026,120461.9382
Stat6,12589.82,12305.06,83091.6,67912.02,57419.253,59453.29,58579.2231,60317.4349
Stmn1,13812.65071,13699.15729,27284.723,25908.31771,19083.577,16805.94371,13713.28303,13845.39
Tex2,6512.873,6417.5375,14917.195,12929.805,13080.554,11585.801,9355.1844,9308.21875
Tln1,39217.17363,39551.99225,47810.55838,51555.191,52329.80338,49938.94213,39482.65995,38849.40525
Tpd52l2,25120.57125,25706.75275,35624.77175,32413.5765,33057,32376.5925,41527.64953,40224.6481
Trmt44,6945.704,8006.659,17281.58,18664.05,17526.601,16508.79,15590.0591,15830.7084
Txlna,3160.260667,3343.389983,7770.719833,7111.951717,13787.20367,11936.52367,15021.45458,16320.3335
Ube2o,14685.0566,14787.475,19911.982,18360.7518,20506.895,20011.092,23143.17174,23029.47874
Ubr4,10020.81159,10466.58532,12782.46668,12476.5015,14372.58232,13782.28391,14240.01369,15444.40028
Usp15,24425.836,24691.52,44445.142,42711.628,43780.9698,42140.066,45385.16002,46000.30482
Vrk3,26447.22983,24454.0805,22961.52333,22921.53167,29552.46783,29282.075,23540.71532,23389.05813
Wdr59,6789.177,6329.119,9160.305,9638.476,11340.704,11057,10912.0445,10146.5894
Xrcc4,13231.158,13858.004,15327.356,15306.264,14587.207,14473.0335,17175.9307,17432.67955
Ybx1,32079.94122,30727.2187,34263.23667,38865.41508,70198.18283,65946.135,129791.3662,131823.0298
Zc3hc1,9090.28345,8945.092,13159.52635,13575.6981,12165.0924,11368.83965,12367.60407,12167.62162
Aim1,10490.966,10900.859,14501.529,16172.06267,11724.6945,11478.582,9453.62965,9346.780967
Anp32a,84265.92,54476.03,156215.8,143815.1,85342.462,92684.54,27229.3661,23830.3136
Arhgap1,21822.0135,21753.63367,26923.15283,25960.67267,18861.008,18732.793,13246.01983,12661.6393
Arid2,12289.3078,12514.1052,16034.1436,15915.453,10865.6332,10627.1724,9270.38396,9241.7965
Arid4a,73453.96211,74189.14128,66387.62772,71756.59078,64686.59161,67184.65683,52799.35764,53532.69744
Arl6ip6,24554.1025,23152.791,48178.56,52083.09,31133.4075,30740.284,25414.43755,25317.21835
Asic4,24705.22,28740.17,41059.34,45605.41,33175.929,31374.18,21710.494,21724.7484
Atrx,37074.83893,36928.72623,37468.35159,35992.24886,31174.43675,32609.52295,27738.05249,27939.85043
Bcl9,18762.13877,18787.62946,17114.22346,16810.87246,17773.35485,17583.18946,17214.11921,16734.042
Bcl9l,20361.72846,21582.48217,28312.00683,26154.32083,22283.97463,22395.24271,16594.31108,16458.49063
Bin2,7069.83418,6729.20962,18746.8809,19050.6621,11546.9442,11252.0923,7176.39147,7584.52181
Caap1,9873.476308,10241.19608,12566.30431,12277.57515,8451.048846,8759.017846,7394.570762,7092.361215
Cbx3,133203.8199,127178.4647,188335.2183,165312.3476,113267.6154,115238.2672,75088.49276,82479.75176
Cbx5,53055.65557,56102.89764,69323.76029,62472.52343,40022.54671,39108.14193,29729.36629,31179.73138
Ccdc132,26639.17638,26637.95225,38826.10238,36250.36963,48221.66213,44615.77988,36269.20846,36210.37445
Ccdc88c,15263.325,15118.05333,27831.78367,30066.673,23799.50733,22860.31933,21359.7691,22122.23053
Cemip,13702.93,12751.82,47579.88,46091.07,29238.463,27428.32,13825.1876,12634.4587
Cep152,7293.680429,7218.619286,13370.39071,11644.12629,10272.77086,9381.072571,6424.724043,6833.503529
Chd1,8521.9995,8143.762333,9242.193917,9670.700833,12204.47467,11668.71,13438.79443,12757.13788
Chkb,9312.701,7588.697,27016.64,23572.85,12887.001,12369.73,6128.1626,7349.4202
Cpsf1,63986.042,65896.9235,106013.895,97188.9235,49716.489,44720.105,25284.04515,25909.77805
Daxx,49190.40222,48472.27589,53293.93922,50763.88444,44087.50511,46741.65511,38867.44119,40358.00148
Dffa,43970.13533,43850.594,47852.36267,42456.53,36548.65633,35802.302,26150.83523,27274.381
Dync1i2,11713.4532,12421.3692,15384.7526,15473.7154,13352.9178,14103.0622,13171.46274,13044.9809
Eps8l1,3365.972,2864.821,6298.264,6311.244,4734.837,4310.147,2162.3941,2573.1306
Fads3,5307.411,5515.552,7239.547,8118.733,5510.119,5768.302,3610.6688,3805.3906
Fam114a2,4034.661,3460.601,20776.98,21091.59,13072.031,9482.838,5290.6761,6598.0828
Fam134c,5495.60425,5913.84475,6263.94225,6446.64775,4914.77425,4524.57325,4332.538925,4536.29095
Fam208a,50451.03783,49464.6655,52274.9,49550.49833,44240.251,43127.12733,40551.03663,39626.76777
Fhod1,18693.8,17448.895,24218.76,25089.80333,18495.76433,16383.45,12136.46077,13818.82493
Flna,29875.78583,29028.77717,38510.36717,39715.3585,44378.251,40031.659,30882.50447,31180.48735
Foxk1,39345.0262,41850.21073,60024.65,66709.0256,54814.65867,53555.4306,39959.33517,42729.54925
Foxo1,62366.37576,62548.23476,45881.46794,49722.91718,49340.28482,51649.41029,46083.45846,45262.40319
Gbf1,11433.36988,10924.21638,17093.99225,16232.3275,12994.85888,12595.94025,11599.47731,12071.10096
Git2,16498.609,15748.217,17627.17614,16699.96371,15624.86486,15491.18257,13159.6727,13285.19293
Gmip,25950.18842,26192.73275,24651.35167,24117.74167,24473.50742,25152.43758,20853.29246,20600.23629
Gpr112,22707.81667,21760.81333,32857.70667,31133.34333,26115.74467,24252.47333,22770.61237,22187.69897
Gps1,25255.8845,22909.87367,40987.5395,43331.20317,41634.13733,36978.68133,28636.91875,28579.90693
Grik5,8778.2045,9079.469,13676.62,11825.996,6781.5145,7261.8635,5406.01535,5266.46115
Gvin1,14782.345,9769.747,27650.83,29608.625,22090.4675,20843.42,11615.2067,13480.7561
Hnrnpf,9570.267667,9839.468667,17728.23667,16075.31,19822.50667,19109.16,13067.30297,13508.1851
Hnrnpul2,54276.90053,50029.78733,57638.1044,52989.28,40425.21193,42620.9668,28848.85837,29293.90021
Ier2,2541.937,2630.719,8967.556,10050.934,4310.315,4207.93,3684.8739,3854.95455
Il7r,6904.05825,7054.50775,9525.303375,9023.000625,5278.87925,4870.8935,3361.416188,3851.56715
Irf2bpl,28511.3823,28993.94622,28307.38244,27392.54022,25765.76567,26284.77281,23741.17057,23608.12636
Lmna,8990.5444,8702.4756,14346.4878,12849.4,12770.9395,12303.1874,8075.70905,8755.4571
Lmnb1,23295.07412,22564.2452,38562.76968,37059.64312,26326.70488,24187.04148,18763.6127,19267.54507
Loh12cr1,23060.04,22929.72,56424.64,54156.675,59873.329,51079.845,38553.2097,34747.9239
Lpxn,36458.96,38842.16,127860.64,110557.73,99140.32267,93607.81333,56265.46727,62028.98867
Lsp1,86190.75124,88251.12114,85325.28217,84235.20321,71430.89707,72078.12424,63924.67679,62861.40419
Luc7l3,43290.06536,43341.49118,46333.34691,44198.29755,32989.45018,34053.67482,27981.26864,29182.44856
Madd,17089.07927,16519.59945,17323.86455,17739.16282,15584.34336,15840.94273,13759.63718,13918.37081
Mcm2,14794.51154,14352.18096,13419.25668,12945.10279,15495.70139,15431.79614,22491.57826,22860.82358
Mcmbp,11901.663,11927.00875,14611.3115,14095.14675,14115.487,13959.4935,12805.2998,13245.57185
Mocs2,20409.14,18161.59,46481.88,46642.53,23385.814,21152.07,21825.9661,21677.916
Morc3,113537.25,108668.225,142653.135,129640.785,111982.196,108146.92,89198.045,88054.5882
Ncl,17644.337,17302.38475,22457.07025,22530.41138,23080.51563,22286.33088,19337.57729,19250.91738
Nfatc3,16122.87325,16822.69425,22478.18525,22564.14825,18906.2575,18504.25825,18066.55655,19222.41903
Nfic,16533.19571,16514.42857,14971.78314,14978.62086,14127.21629,14057.70529,12268.87009,11805.95904
Nolc1,28392.52147,27345.53547,28721.24906,27511.20647,38763.59647,36320.54141,51783.06141,55936.61389
Nr4a1,10852.93425,11007.82725,34548.9,34751.76,24938.315,24545.7075,14752.08663,15978.19565
Pag1,11137.1,12071.2351,17383.8385,16597.1733,16261.8429,15124.5857,10722.3814,10769.23445
Pak1,8754.805,9451.4305,18277.725,17324.01,18916.572,16463.7595,12719.2214,12759.94245
Pdcd4,110286.4452,111461.0122,90117.28883,96364.23267,27954.41833,39498.45133,21666.62938,20427.89102
Pea15,77592.42,64611.85,140506.29,129281.76,109609.8275,94247.175,64962.9102,70194.23745
Ppm1h,36170.81467,36330.33033,37647.56844,37826.30533,32546.79578,33036.302,26038.68463,26204.39568
Ppp3cb,11017.31,10880.8,28737.6,25874.8,18248.469,15638.5,11980.9941,13423.6547
Ppp6r2,54189.935,58124.54,100282.18,96824.565,82930.1445,77601.69,57424.7404,60539.6832
Prkaa1,29963.86,27755.46,32731.43,34329.24,31759.812,30805.01,18331.7512,21635.0154
Prkar1a,188014.9234,192574.368,282432.9834,284217.3618,268157.1362,253164.3596,200922.838,191403.4946
Prkce,6310.498,6234.498,12114.83,12285.32,11749.065,11380.59,6648.3217,6532.747
Psd4,13206.11985,12820.43423,18769.01962,18245.50854,16830.737,16072.28169,12265.34418,13848.52085
Ptpn7,62278.53,70491.24,153317.1,145270.3,120801.047,114556.4,82546.94,92318.5958
Rasa3,8730.984667,8225.175,23560.41,23030.15333,17081.55833,15442.61333,9438.9762,9997.418867
Rbbp5,6821.116667,4560.491333,16111.172,15046.84767,19480.107,18481.533,9515.093833,11037.42637
Rbm12b2,16662.1925,17008.1905,23456.765,22749.705,21177.4975,20117.595,17653.3231,17191.69665
RBM8,35186.8875,34933.118,45336.8545,45606.8005,28467.943,29409.8655,28276.8336,29994.97695
Rbm8a,13695.75,12337.177,27266.1,24575.015,18181.392,16464.0125,14111.9543,15614.94195
Rcsd1,38156.89913,37563.16233,38413.05487,39333.2452,38736.00007,38404.98493,34059.6607,34230.36943
Reps1,21039.60595,21485.49953,26842.65679,25846.52642,21372.36016,20149.04321,18430.81908,18719.13637
Rhbdf2,23105.3745,24141.466,20539.335,21342.267,18691.413,19456.851,16595.62605,16538.8983
Sae1,16694.0515,17799.6365,32217.435,34603.67,23087.786,22453.865,18242.03805,16425.78185
Satb1,53357.89452,52995.99,53434.17262,54278.09667,68514.633,65732.265,70519.89983,75903.15055
Senp1,4448.051,4820.715,8004.992,7395.456,6179.462,6060.651,5915.9888,5624.246
Setd1a,16411.48436,16701.78118,19680.54982,19167.42109,17629.492,17390.80445,16106.86363,16186.51956
Setx,104278.5867,100239.4033,199378.7977,191640.7233,168310.644,163245.277,123159.8736,122945.1586
Sit1,11543.51988,11754.27338,13268.70388,12916.18638,11979.86263,12030.94838,11028.03358,10756.45483
Slc9a3r1,40600.59886,40505.9923,43896.46398,40846.63193,33468.00477,33931.4073,22796.3461,23632.89315
Smarcc2,93966.79175,94214.78716,86350.97206,82210.95244,71894.71278,77159.57369,57703.64776,58428.82077
Stx7,10997.829,10164.8644,15183.2634,15370.231,14627.6452,13345.5058,9011.2681,9372.67694
Sub1,49980.5337,51667.39255,71921.9937,80664.6589,66254.32175,63752.3005,39886.23579,40535.89469
Sun2,41661.83614,38522.926,55839.07571,60761.29143,36989.35929,38114.33057,35802.02107,33520.84804
Tab2,16045.0414,16213.4528,17821.7962,15879.1608,10788.144,12012.6364,9331.47268,9714.0946
Themis,10070.31,9334.008,35600.06,37260.61,39314.329,35735.42,15925.4607,17204.8385
Thrap3,99452.55443,98096.06745,134931.9979,126067.9647,99360.41017,100708.5491,80518.52327,81023.19829
Tor1aip1,28041.48327,26227.59118,31155.38241,32773.56436,21249.49318,22057.54845,17978.4349,17721.87245
Tpmt,11266.84,11476.41,14811.5,13343.54,15084.577,14302.72,9478.0949,9542.5632
Traf1,5336.987333,5204.779333,7276.423,7294.522,7564.483333,7471.947333,6559.644067,6300.4799
Trim28,55429.80236,52935.90914,115963.1841,113864.7545,58027.11621,55844.35793,35794.77675,38203.42783
Ttc6,16236.13,14988.65,24788.49,25476.39,18954.757,20586.95,14455.8783,13993.8233
U2af1,6345.7575,6239.059,20877.64,17789.745,12021.4795,11559.44,8240.7915,7723.9422
Usp14,60428.2,59041.764,71981.028,67726.212,76263.6932,75417.968,74987.67898,76111.85334
Vamp1,3929.269,5256.963,19510.99,22306.38,15725.186,11731.52,7494.982,7259.7542
Vapa,9698.7585,9469.201,16721.64,17337.24,11722.567,12113.37,10886.258,10093.73365
Vav3,9435.657,11436.69,17877.19,17953.77,13987.436,13253.62,11952.1311,12364.2906
Vps72,23409.445,20295.595,32945.715,33162.535,23129.902,22592.98,17625.1347,16993.10675
Zc3h14,17128.92833,17095.50189,26767.35189,23633.543,17904.64522,17012.09544,14363.9453,14261.49402
Zmym2,37445.1675,36249.9375,47890.5625,46768.125,37267.20825,37635.7425,42224.13235,40693.68453
Znf639,29137.39,25400.36,41975.47,45515.8,44035.227,42072.4,24423.2686,27709.4746
Zyx,19121.84113,19156.64963,30540.69613,33029.23988,27601.3845,25650.73375,21467.89748,20461.80025
Abcb1b,13972.2015,13681.2695,12228.168,12555.595,16310.263,15137.9535,33596.0758,36179.0702
Abcc1,9306.4115,10080.3215,8627.1785,8587.0415,11790.7075,10673.3515,16473.36225,17904.5115
Acaca,17751.7664,17945.4496,22831.528,21591.4362,26767.626,25170.526,45126.36044,48228.18926
Aebp2,13496.98714,14165.96243,13784.31057,14149.44097,24940.98586,22949.143,28396.04581,29526.1604
Agfg1,43345.66367,45488.977,49249.469,45046.0315,62866.14417,59898.05483,67757.0468,65940.66078
Akap1,3812.919333,4103.795333,4407.059,3541.952333,5338.618,5026.601,10324.5266,10961.75253
Alg2,9604.531,10055.51,10649.74,10297.77,15799.308,14495.93,17284.39,15635.8592
Amfr,6681.808,4886.248,4753.984,4204.755,14723.068,15230.75,20125.9192,19334.5817
Ankrd17,10600.7099,10495.3737,9588.1553,10756.4767,14965.5914,13569.1031,16241.0041,16984.01268
Atn1,21283.452,20672.1998,20086.4727,19422.6993,23769.0845,24003.571,22536.54426,22897.03249
Atp1a1,6719.2315,7222.864,7747.39,8576.8015,14398.2025,14032.295,18144.01945,17624.9711
Atxn1,11044.21475,10559.807,9632.32575,9510.58175,10970.61675,10740.9435,12512.3536,12100.25073
Cad,16966.611,17077.36,20108.217,19031.7945,22656.9835,21832.8855,29231.2479,29210.95233
Caprin1,35279.045,35087.285,40539.415,43525.295,45155.7855,43620.89,52277.0033,50579.5073
Cblb,14518.84046,15463.28638,11712.31623,10776.892,26416.93269,24819.35285,32049.90038,34267.62175
Cct4,2632.426,1942.476,2802.96,1826.533,4264.804,4620.484,5629.031,5973.8136
Cd3eap,5130.684,4822.73,6638.163,6683.719,9922.224,10513.47,18006.5007,19102.0939
Cd69,5225.9365,5153.9995,6584.1675,7060.458,23120.1415,19498.7,20924.34165,23492.32785
Cdc26,5781.9385,6009.878,7181.926,6117.1635,6823.2065,6639.8655,9457.0952,9496.88195
Cdk4,10478.455,10667.79,11084.515,10097.057,16627.304,14127.205,29674.8616,33875.6387
Cebpz,9215.006,9184.063,8442.9285,8268.062,9459.455,9359.71,12454.7742,12276.6629
Cgn,3886.004,4248.15,5975.545,5952.703,5565.401,6252.03,10546.9234,10972.918
Chek1,5995.4875,6269.03825,6735.176,6064.6675,6295.30075,6202.33,15516.3811,14288.99403
Clasp1,11703.9715,10384.72158,11289.48567,11667.15692,14009.87975,13807.04492,19535.86538,20151.45227
Clip1,9923.533692,8153.951,7311.456769,8535.473231,12099.00623,11800.46208,15269.52802,14992.62815
Cluh,2458.503,2503.7175,3914.851,3372.8605,5815.657,5852.9445,7522.25705,7932.81115
Cry2,5791.898,5397.0125,5690.9735,5836.566,8130.9815,7390.957,8611.8299,9299.36435
Csde1,3844.0775,3471.2115,4080.4465,3711.7935,9294.405,8684.218,24208.8798,28373.81305
Csnk1d,7560.5516,6325.6198,7815.7814,7177.538,10879.6366,9989.7476,14261.05266,14128.73568
Csnk1e,20803.401,17922.9595,17818.3785,19318.9245,26768.602,24663.1225,32640.10945,35419.62715
Csnk2b,6057.464,5895.504,7548.204,8592.311,9249.051,9271.406,11591.0766,11727.129
Ctnnb1,5658.128,6784.748,4885.439,6407.476,12453.477,10745.708,12117.69875,12794.7031
Ctps1,28236.01,30921.94667,27436.20667,28600.99667,46785.31733,41295.15667,54243.5423,55435.71967
Dars,14102.36,14516.23,12625.31,13047.15,17184.82,17225.09,20147.0433,20280.6367
Dctpp1,8600.698,9095.542,8807.717,8895.925,8697.525,8661.752,12826.7885,13326.189
Ddx10,23981.75933,24493.645,16384.323,20408.38433,28236.78633,25658.57733,38869.74773,35612.6318
Ddx21,8366.396273,8154.468455,6192.685273,9728.436909,9516.659273,9729.402,28683.87082,28564.1439
Ddx24,5926.344667,5075.736333,4970.624,6419.996,6227.404667,6507.406333,13624.22563,13876.0789
Ddx54,6137.975333,5855.455,6379.495,6458.429333,6324.867667,6993.018333,16239.32287,14937.63623
Dhx9,5698.295,5683.703,5493.4975,5180.3715,7509.607,6911.4245,7108.5754,7060.2054
Diaph3,6141.916,6169.09,6620.434,5841.45,6589.417,5855.271,9186.1135,9305.1695
Dkc1,33988.01806,32632.8715,32784.56144,33070.47667,38573.67511,38341.59333,45446.85541,43342.27567
Dnajc2,6717.652429,6565.326429,6397.301,9473.727286,10696.73857,10594.50343,19172.9108,19102.3387
Dnajc21,7935.528,8590.959,7508.8,8778.149,11527.385,10730.07,16726.8267,18665.0296
Dnttip2,9504.858667,9020.517667,7105.364,9428.353,11229.17867,10996.79217,16329.13595,16273.86992
Dot1l,8893.151267,8601.3752,8069.1224,8217.828533,11970.1554,11094.91687,12297.07306,12590.84175
E2f6,7119.107,6818.066,7722.242,7076.601,8951.301,8227.061,12906.3703,15111.6819
Ece2,13480.757,13330.422,15345.569,15631.0185,20002.5225,19277.2225,22944.39235,24867.9827
Eef1d,17889.33113,18733.39125,18116.07806,18184.71138,19910.00063,19579.06281,25258.39018,25772.08136
Eef1g,1182.045,1094.695,859.6838,1355.967,1803.127,1354.503,4181.4967,4720.7838
Eif4ebp1,53937.2739,54587.6484,58656.7948,61032.6226,62998.5661,59951.1935,68866.32162,71010.80278
Eif5b,28689.90435,29676.14978,22673.38339,29768.78139,43575.46343,41566.81365,47074.19493,49052.61236
Ell2,21763.05,19938.02,15165.68,22816.79,45108.067,40647.45,50299.919,51477.9513
Elmo1,23211.961,22892.2368,18634.7782,19353.5096,25442.5872,23033.454,29270.77928,30800.68234
Eomes,14788.0068,14710.0656,15384.268,16321.2548,14057.5028,14674.2338,24604.30572,24032.1645
Esf1,36537.50333,34544.53333,34947.37,31176.61667,54718.68767,50879.82667,69396.25603,70449.9679
Etv6,5787.137,5926.6582,5997.996,5453.51474,5980.9174,6215.6472,8990.18316,9663.16278
Fam179b,14850.92,14640.18,13810.517,13671.705,20226.4725,18779.915,20400.0324,21536.31065
Farsa,6250.5425,6110.8955,7073.696,5996.832,16685.565,12960.388,20175.75715,23745.33675
Fosl2,10589.24336,10724.99983,10801.21256,11863.98461,18070.15183,16420.27656,16458.49097,15958.46464
Foxk2,47303.87,50220.575,47615.785,49651.415,70063.46,64557.21,85683.0081,81405.7738
Fxr1,4411.73575,4788.7885,4846.786,4670.29375,5155.5435,4646.9105,7499.126425,7626.72645
Fxr2,5661.122833,5301.489167,5554.362,4874.472517,7449.262167,7092.431167,9283.014683,9385.004317
Fyttd1,5487.094,3623.88,5724.475,8883.073,7473.59,6184.498,19267.9419,19048.7188
G3bp1,51149.64533,57130.265,50223.533,56520.88333,70935.37333,68986.247,91912.61103,96757.2901
G3bp2,8510.648,8285.80725,8175.435,8068.72825,9747.83825,9267.914,11740.18415,11173.5275
Gfi1,7847.42225,7502.65,6252.00925,8260.991,14263.468,13535.579,17212.08055,19314.15775
Gng12,3889.744333,4097.516667,7277.385667,7067.674333,14037.36767,12140.20133,11987.93387,13189.71137
Gnl3,21324.75943,21146.62671,15672.66543,17611.69986,20140.38014,19853.84429,31046.6189,31636.8258
Gpatch4,6036.424,6406.385,6639.108,6307.031333,7753.8,7491.771333,11172.7316,12642.74987
Gphn,12040.52,13023.77,12583.23,12919.89,14922.84,14460.38,21308.8416,23050.5188
Gpr171,14397.3485,14739.5885,16265.865,15296.395,25345.4605,25336.29,21549.7112,21227.4796
Gramd1b,10319.07936,9909.339909,10317.30055,10099.51191,24140.073,23712.17445,36439.85013,36196.30725
Hdac2,44555.87571,44695.74857,45257.32,45402.06714,46347.17571,46660.23,51923.88943,50362.71511
Hdac7,26083.1465,26367.69017,26485.5815,27155.50317,28872.83533,27905.23483,37824.8887,38398.64508
Hectd1,16456.5005,17449.613,18052.17467,17951.30833,19438.21183,19572.51017,23143.61733,24223.9415
Hsp90aa1,185753.6669,190826.2522,199728.0162,186606.5417,207170.3561,207082.3552,242277.7674,255488.2933
Hspe1,3314.729,3235.408,3490.645,3631.491,4856.81,5243.251,7866.6159,7725.4125
Hsph1,85699.61836,84560.27818,103463.8897,87473.97909,127758.5251,108976.2952,161894.4542,157874.4473
Hypk,1754.657,1248.256,4407.335,3756.425,6420.258,6004.964,11737.0774,11962.2296
Ice1,11852.96183,11025.12483,12122.944,12696.39617,16631.6215,15925.73667,20658.92273,21166.61582
Jak2,10208.18,9874.068,9393.016,9275.223,14029.047,13645.61,16551.8644,17800.7503
Knop1,72957.705,72975.705,72177.685,71567.805,83616.2315,82499.07,99249.7329,98984.46205
Ksr1,18568.85583,18347.37567,19528.49817,17663.595,22322.76567,19942.67667,27428.17208,26894.21708
Ktn1,4274.942,3949.54,3623.502,4537.171,5518.975,5535.285,11933.7143,13082.8558
Lad1,7361.047325,7794.69435,7322.988325,10391.74918,9893.646,10151.77525,28337.78085,28004.62995
Larp4,8822.746,9290.407,10011.1855,14491.758,30027.896,27447.5545,45324.2755,47612.91415
Larp7,12884.482,12949.63133,10617.64222,12425.03322,16768.37511,15679.98133,25800.64226,25994.27104
Las1l,5240.395,5041.407,6694.738,6511.97,14351.997,11937.18,16169.8352,16217.2837
Mak16,8828.793,10231.15,9688.89,9180.29,13718.533,12454.11,23090.1751,26127.9955
Mapre2,7408.6795,6288.003,7466.3175,7533.315,11970.4685,10268.612,17996.5237,20195.71205
Marcks,10021.2195,8954.955833,9764.49,9844.609833,14788.16717,14357.62458,19327.40789,21211.75374
Marcksl1,8734.0045,7802.575625,8347.023563,7956.93075,16079.73675,14510.62125,20381.43486,23278.31041
Mbd3,22316.73325,19164.447,25089.845,31419.29825,51661.731,52721.38925,53042.16348,58160.55885
Mcm3,51091.78242,52297.39953,47567.11047,48438.68537,45302.60037,47490.56853,63853.23871,65109.85332
Mcm6,35128.56267,36834.93933,37250.61667,39938.71733,28946.23367,29242.30733,29043.9617,29624.21287
Mthfd1,11854.42,10580.64,11793.94,12084.44,24623.396,21783.16,24776.1106,25873.6252
Mybbp1a,15363.42292,15021.57746,15392.98692,17543.053,27084.524,24244.59862,30702.0476,30636.76559
Myo9a,5679.419,5503.493,6037.814,5284.223,7703.799,7562.476,11625.2847,9998.5574
Naca,51228.60971,53309.10929,55683.53086,51843.70943,61047.32229,61885.03414,95014.51461,95206.06974
Nadk,7020.768,7116.180333,7881.060667,7662.53,12918.24167,11435.918,16002.32897,16005.708
Naf1,11495.3,11930.23,12171.18,11186.36,19811.698,19321.38,32161.8604,34635.9389
Ncoa3,20171.57925,20109.40058,20242.45,19803.15517,23979.63558,24454.93117,23831.06434,24503.52114
Ncoa4,18449.93,19370.89667,20169.05,20382.04667,25192.027,23622.71333,26629.93573,28375.91857
Nell1,10217.85,11182.82,13308.19,10787.47,14523.481,14148.7,22368.9378,20914.293
Nfil3,6837.979,6361.576,6714.75,6351.769,9298.546,8986.182,13298.5942,13049.7245
Nfkb1,9859.511667,10128.77033,10648.965,9751.386667,15681.334,13819.914,15033.24237,15665.02087
Nfkbib,14563.52,15848.92,19005.9,20339.74,27603.398,27808.47,32479.185,32439.7817
Ngdn,12509.212,12068.601,9813.787333,10683.66,16828.33967,17458.06933,28080.7927,29200.42517
Nisch,15522.12,16574.51,19365.83,17652.5,21059.969,20729.91,26774.6969,27909.3171
Nmd3,13214.645,12451.2425,12917.0005,12942.976,13140.286,14111.2725,20159.03495,20944.19363
Nol7,10060.7695,10187.316,10222.841,11057.4175,12823.1375,12938.6095,19204.1993,18957.95075
Nol8,39600.07933,41466.72317,37855.8945,38330.79917,53096.487,51371.31833,61502.65312,61354.50295
Nufip2,19555.89433,20972.02178,17305.347,21488.76522,40274.131,36650.90256,56647.31699,57304.47138
Nup214,19204.70911,19613.82733,20805.35056,18857.41744,21438.95189,22270.26567,26086.77237,25619.94436
Otud5,10186.2658,9778.5116,10625.509,10824.6014,13211.6308,12621.5604,17193.23266,16407.305
Pa2g4,5397.916,5241.549,7595.371,6110.399,14486.92,13795.91,19423.3591,19428.8186
Pcbp1,12198.04991,11666.86555,13449.31627,14025.06291,19380.46845,18183.32936,18300.49726,17225.45735
Pdcd1,7374.438,6721.549,8776.999,7292.494,24636.384,21034.81,36597.3897,36596.4869
Pdcd11,6869.999333,6490.618833,9172.0125,11950.91033,17942.15283,16620.3425,32151.30173,31811.34568
Pdxdc1,29786.179,29112.0125,25188.0765,29104.9125,31456.8515,31349.8485,45203.69805,46500.8129
Peak1,11499.40177,11602.80238,11319.12877,11837.69869,14000.36362,13932.39054,15544.13736,15761.61282
Pex1,19944.9415,21818.1795,23214.0565,24421.2175,23178.2445,24446.4815,31408.88915,33801.328
Phactr2,13312.945,13625.723,12783.511,15910.698,16913.92433,16770.21467,26067.03077,27687.1624
Phlpp2,14622.84,14365.02667,14361.06,14623.92333,16549.327,16350.13667,22456.33623,22159.0047
Pinx1,3695.901,3148.462667,3750.641333,3578.786333,5198.479,5010.439333,13647.39703,14893.1309
Pkp4,50543.527,47829.22017,46374.556,48350.78717,42080.194,43021.73167,37613.09913,35483.2932
Pphln1,34149.60414,35010.96229,24571.225,25164.88371,26788.91621,27136.63607,35847.64878,35566.62389
Ppp1r13l,27642.72,30768.2,32326.94,31663,33481.02,32245.23,45169.9639,50257.575
Proser1,8348.314,7921.334,8915.67,9822.166,9507.497,9641.954,12289.1059,12240.7518
Prrc2a,11839.44313,12266.52604,9122.585087,12383.29422,18047.62078,17308.50761,22136.22927,22476.11621
Psma5,7101.0335,7954.7025,8853.479,9177.6865,13911.051,13207.412,15161.3637,14554.1667
Ptpn23,14882.9675,15425.725,15046.8475,15900.4425,18840.639,18293.05,20902.2018,22538.26938
Pwp2,7694.652,8622.927,9038.595,9285.164,9991.004,9726.642,15650.3323,16073.6138
Rab8b,3040.244,2216.796,2606.103,3122.716,4246.914,3830.137,5831.7594,5738.3016
Rb1,14126.79714,13697.12914,14791.597,14074.77629,19426.56229,17637.34543,31002.98644,29870.80956
Rbl1,4923.773,4730.741,6709.642,5704.195,8515.268,7519.341,18737.9953,18618.7474
Rbm19,6196.311,5773.569,4799.12,5357.091,7121.569,7336.075,16419.903,17396.1111
Rc3h1,21504.7996,21961.7418,22795.0396,23211.3598,26861.039,25838.4594,27665.31244,26451.30332
Reep3,9411.2905,8525.466,9037.4435,10078.475,13360.553,10849.382,18786.17755,18644.37795
Rgs9,14270.69,13572.71,12628.12,11720.19,15232.831,15573.73,31279.4935,35355.0622
Rnf219,7144.880857,6793.457571,6892.551143,6988.204571,11863.29243,9987.637,19110.94334,20709.25059
Rnmt,27271.68236,27417.09809,27146.39791,27460.35527,26976.065,26319.817,30389.17312,31137.4423
Rpap3,27790.612,25773.974,22422.131,24910.551,25190.611,26238.5185,36985.89605,40486.4769
Rpl12,5551.181,4854.222,5731.4545,7322.7565,18268.5265,16193.5545,28776.2233,28928.9536
Rpl13,10396.425,9684.69825,9558.9395,11814.84225,17948.82275,15793.29075,31745.80245,27938.48378
Rpl18a,3865.015,3418.491,3349.318,3863.834,5126.314,5079.079,7189.1519,8007.4071
Rpl32,1441.387,1311.868,1971.024,2017.319,7619.207,5970.375,11618.2743,14701.8531
Rplp2,17194.575,18123.64417,17987.54767,17808.56217,22440.609,21038.12767,26158.40633,26776.99407
Rps10,9771.347333,9413.607,9694.691667,9873.326333,13334.874,13045.607,18808.304,17307.0495
Rps14,9387.3835,10023.9625,9980.627,8925.1465,11180.5585,10831.5745,15097.2134,15478.4849
Rps2,10440.19,8733.643,13105.41,20661.58,28295.331,26899.36,35742.8978,38807.481
Rps27,3481.048,3282.481,3500.238,3618.151,5839.494,5248.44,6509.9857,6337.3983
Rps5,2379.345,2571.039,2420.22,2370.549,3882.26,3427.607,5010.538,5335.9749
Rps6,11244.61135,10115.80496,33274.41333,36425.06825,60351.81763,53347.26619,260712.6595,252412.6922
Rrs1,5105.642,4830.642,3044.029,3697.405,4167.402,4639.507,7435.0706,7443.3232
Sdccag3,11164.13133,11427.78767,10632.692,10840.019,12917.24467,13161.86867,16351.3784,15634.39157
Sema4b,6911.120333,7260.989,6428.731,4427.842667,7955.780667,7716.247667,13924.1301,13953.4581
Serbp1,3870.419333,4516.968667,5150.343333,7229.954333,14920.27367,13165.51433,14815.68573,16303.91713
Sf3b2,57115.55823,56923.46846,57590.78731,60075.60308,59972.32208,58263.10077,71820.19395,71719.71139
Sfr1,52962.34886,53640.96857,57180.45171,52298.201,57587.02729,57540.13714,76400.15236,83304.55487
Sh2d2a,85617.44,80327.79,95102.63,84414.6,174670.587,173277.9,226753.1606,223020.4914
Sh3bp2,7429.540833,8178.604167,9022.348833,8457.357667,14722.194,13901.21917,13635.43095,15173.29027
Slbp,8046.54,8713.707667,11219.05467,10037.28167,17737.70567,16098.288,21376.92367,22700.08383
Slc16a1,64066.82658,61136.62325,48465.07817,46873.2525,61061.08817,63621.5025,80659.10842,81863.61506
Slc1a5,20881.91929,20829.53771,20822.99657,21484.09471,25489.63357,25127.595,40519.68089,37617.14491
Slc38a1,11766.65025,11210.43258,13702.0185,12855.13967,19682.82417,16918.163,21009.88823,22434.91508
Slc4a10,12461.23,10562.66,13285.77,13173.23,25783.135,22891.98,34841.1793,38703.8447
Slc4a7,14978.51967,13812.15857,15901.74111,14345.84744,26560.57667,24027.12022,38057.42022,39435.65506
Slc5a6,4467.5115,4832.3365,5115.3325,5983.766,9804.6465,8993.5765,14404.1995,14535.85285
Slc7a6,4576.8105,4492.321,4429.8495,4098.308,5253.174,5677.4115,7921.73205,8208.4757
Slc7a6os,8312.21,8767.8115,7881.6805,8637.071,11559.524,11355.4885,14439.69705,14680.9079
Slirp,6505.857667,6392.778,6387.4,6513.464667,6569.889333,6296.014667,11507.9772,12364.50947
Sos1,6735.419456,6543.551644,8820.563778,8812.163889,9370.766556,9265.237778,9378.020567,9020.968722
Sqstm1,16013.75067,15810.23222,19461.17467,18684.30967,26664.64078,25322.85022,35699.06246,38606.28049
Supv3l1,4034.906,4380.818,4363.579,4095.578,5794.921,6702.871,7527.1823,8273.4421
Tacc2,12765.7395,13609.895,9169.256,13195.0635,15695.366,14628.0655,26838.82235,28342.30015
Taf1d,18878.15575,18743.5325,23355.67775,21716.09,38570.25775,33605.27725,36982.17413,41195.1181
Taok1,4925.7565,4737.4435,6234.7315,7226.6435,12428.0935,11419.7005,10598.71995,11619.47185
Tbx21,22420.432,21282.068,19908.85,20095.054,28760.7226,28341.6,37634.2088,36650.77502
Tet2,8871.1005,9054.094,9528.0385,9586.8495,15278.8165,14363.615,13992.07745,15471.86425
Tfap4,9778.105,10418.74,9318.9892,9057.3706,9503.9424,9200.5616,14499.17982,14187.69038
Tfdp1,16759.96,15286.89,14365.6,16363.92,25149.985,23295.76,39943.0864,39785.6563
Thop1,1604.799,1621.819,2699.666,1586.831,4073.259,3727.53,6002.9433,5846.0796
Timeless,6008.089,5808.594,6115.332,5475.712,5320.7505,5290.4245,7645.85615,7510.60515
Tmem51,9534.32,6843.456,5984.923,7560.069,8932.815,8290.305,19299.5462,20430.324
Tmem57,31089.3955,31976.9685,31441.8295,30825.905,38079.081,38332.835,39129.843,36783.48445
Tmf1,6878.363,6905.694,6477.5215,6353.147,7274.7345,6941.457,9924.35235,9391.96205
Tomm70a,2698.2755,3450.834,2919.3265,3206.702,3793.7465,3304.169,6505.68255,7298.97845
Top1,10780.12,11091.93,12339.81,14143.86,13694.777,14540.49,28529.6928,28778.113
Topbp1,2528.379,2880.536,2478.352,2394.419,2863.786,2927.683,5317.1739,4877.446
Topors,15030.93017,15029.98683,13512.6405,14456.742,18271.63117,17125.25267,24564.41877,22657.91392
Tox2,15585.27,16542.72,13801.42,16723.61,32720.215,29403.98,33743.8474,34149.1687
Trip11,10491.0445,11299.9835,12516.5495,13696.6985,16143.4085,15514.756,19180.2089,17666.2196
Trps1,2824.159,2899.534,1693.721,1644.708,2993.371,2318.376,4453.6825,4947.3142
Txnrd3,8216.999,7555.327,8088.0775,7759.5495,14612.4495,13782.3815,23003.6618,25040.82655
Ubap2l,9924.768538,10541.40365,8771.988423,11725.09804,17933.64669,16944.28138,18903.63185,19502.84452
Ube2i,5841.5805,5832.421,6372.208,5361.3595,9244.9585,8268.807,9716.50295,10119.745
Ubp1,4997.010333,5067.55,4762.081333,5004.726667,8691.560667,8397.661667,9265.218067,8787.669633
Ubxn6,22669.3,22124.29,23220.83,24778.22,34684.935,35297,38746.5081,38111.836
Uck2,2880.44,3380.785,4538.662,3947.892,7431.208,6791.949,7169.6403,8393.0295
Ung,3691.777,3671.512333,3608.980667,4231.251667,4666.282,4358.653333,9597.237833,9292.134167
Upf1,16584.719,15499.765,19232.3965,19116.5695,28858.8765,25240.302,28181.92605,31005.4295
Usp36,15462.7,14735.77,15055.23,16225.74,20272.277,18662,26408.2656,26898.6816
Usp6nl,5798.404,6171.714,6153.384,5808.365,8596.532,8416.133,11597.3148,12158.4697
Utp3,9753.725,10517.43,9744.357,11221.42,10814.805,9919.505,15636.9957,15362.9109
Vps13d,39867.17975,39594.589,38642.4455,37154.848,43940.5875,43963.134,56302.8201,55426.14473
Wdhd1,8014.103,7202.175667,8125.649667,6913.173,6904.180667,6649.439667,14389.6724,14758.28133
Wdr4,30151.23114,30080.70386,26455.92357,26062.33329,29426.17,28578.16729,37364.30144,38948.84931
Wdr75,17083.955,15794.545,15615.85,15196.97,21196.4365,18503.515,26947.70605,27736.30045
Ybx3,34579.73,33732.89,32118.6,36164.5,59449.98,52783,173654.7328,169825.5887
Zbed5,13941.7505,14473.4165,15258.5785,14248.6085,17744.759,19399.7815,19640.9716,19856.22525
Zbed6,4402.055,4687.034,4594.391,4206.976,5030.519,5071.583,7466.5526,7584.9166
Zcchc9,12770.55,10921.48,9572.447,11293.03,19587.995,17509.51,58871.475,63867.4163
Zdhhc20,12465.31267,12485.391,12305.06667,10226.31667,21246.53967,22520.41333,22211.124,20898.02293
Zdhhc5,15923.45825,14763.86125,17252.01163,17230.28888,25388.42675,23414.923,26136.26082,26901.37018
Zfp213,5744.772,6641.086,5728.192,5963.608,6754.377,7029.732,10662.6141,10749.5538
Ablim1,22470.53045,21431.4501,21870.78535,22315.59339,24896.84106,25573.24284,20796.35323,20751.3421
Ahctf1,21333.914,20741.059,20811.05267,22078.84333,25923.26733,25930.18,25368.56357,24460.56137
Ank3,29003.82,28093.93,42898.25,49288.44,86001.168,74817.71,66386.2318,70978.4174
Arhgap27,41131.34133,42689.38153,43000.72313,46527.41788,37112.17127,37541.92667,30948.12392,30607.32268
Arl14ep,17915.835,16609.6,21685.92,22830.805,25146.143,25241.89,23298.3799,24193.5897
BC023829,10450.54,9546.335,12126.41,12538.3,21977.894,19010.46,18221.2266,18256.4275
Btbd9,2222.7585,2219.166,3552.6785,3288.09,5846.177,5441.402,3973.5538,4539.08855
Btrc,10484.31,10666.04,9730.439,11364.43,16865.347,17732.26,16670.3997,16980.632
Card11,16987.946,15867.1238,18555.1156,18248.2262,21174.398,21984.9598,18393.0501,18397.11954
Cdc16,9882.591,10099.45,14428.24,13479.79,17558.778,16532.74,14513.2959,14497.0185
Cnp,12586.539,11905.878,14320.76,14147.215,20342.396,19580.825,13335.60365,14006.5315
Copa,27700.27,27291.88,51421.54,51858.56,78975.584,70466.19,61881.8932,61334.6174
Cpsf6,4593.174333,3882.347,5820.464667,6108.411667,14367.365,13414.104,6375.875333,8245.285833
Crtc3,22752.57453,22565.14813,25781.2328,25414.07613,34957.83607,35782.63487,30559.15375,30000.19829
Ddx19b,16579.92,17378.45,25422.85,26855.72,47530.938,43266.35,35571.2087,35931.9771
Dyrk2,14978.48,14983.775,12256.695,13005.41,16034.4065,16120.62,16552.45215,16181.4223
Efhd2,5588.85,5528.02575,7238.47125,6822.22325,7842.15825,7687.991,7011.944775,6694.20125
Errfi1,3497.587,4499.047,3817.429,4778.244,10544.982,10570.11,9778.9558,10210.6061
Fam53c,8591.51375,9406.9635,12981.4615,12151.23825,14614.14075,14416.283,13650.31858,14547.70923
Fbxl20,10513.396,10458.81425,12692.08525,12553.229,19821.136,18436.5855,18746.92875,19410.15903
Frmd4b,4941.356,4809.592,5122.844,5117.514,8435.029,9038.834,6467.1391,6934.7309
Frmd6,3218.458,3985.85,2490.827,2658.886,6657.181,7699.028,6092.0338,5370.8168
Gch1,15392.755,14983.315,22525.31,22050.29,64975.9245,55470.655,49167.2933,49955.0256
Gnai1,6831.205,6681.659,8749.213,8182.2505,25591.984,23322.865,21955.1939,21345.60555
Grasp,817.7285,1108.023,1085.455,1162.714,5488.646,4663.927,3268.9435,4515.9679
H2.D1,13008.61876,13198.99941,15036.50059,15570.64235,20412.84347,20014.02747,17534.47043,16756.51265
Hnrnpab,19493.92967,16189.53433,21767.94533,29003.16967,45790.321,44247.96833,43804.8798,47754.8407
Ivns1abp,2838.347333,2298.14,3072.208333,1418.292667,7863.228333,7411.139667,6695.0021,6885.3284
Junb,7900.155429,8317.342714,11557.70386,12782.87757,14327.00457,13152.00786,11298.21549,11224.01146
Kdm6b,13148.65167,14095.40467,12969.031,13478.30233,21171.06067,19900.31,16752.99463,16420.8854
Map3k3,17421.49247,17476.94513,17581.43833,17785.06927,17963.4398,18143.98473,14949.98033,15375.70786
Map3k8,8424.527,8605.564,10159.89,8595.073,13596.076,13313.57,13342.6707,12672.5979
Mapk1,5768.559,5577.361,11424.85,11346.7,13813.484,13067.83,8719.2883,7987.23
Mapk6,14926.13833,14453.98867,13992.33867,14715.56167,23511.09167,22351.22,17898.6999,17959.93513
Mff,29777.09,29892.19833,46067.72867,39408.968,52144.41867,52540.679,46484.56057,47475.1314
Mia3,20284.77789,19686.10567,21329.19122,19752.37656,26411.03722,26125.44667,24545.98638,25840.06506
Mios,10489.744,9941.077,15692.457,14671.89,26928.764,24097.535,25311.673,27197.395
Myc,9525.026988,9329.488675,14321.70425,15498.47313,29422.77425,25969.51838,23813.01781,25438.27685
Ndrg1,40539.951,35034.9095,65103.155,56508.38,92351.5555,92563.69,90428.3564,93012.8101
Ndrg3,3952.37375,4109.187,5619.6425,5174.937,9704.05625,9128.9365,6218.508025,7686.069725
Nfatc1,15883.15817,14932.15833,16177.22167,16201.92717,19768.26283,21001.53167,19632.21775,18978.96
Pim1,9501.539667,9083.877333,11659.43733,12528.436,17792.54067,16398.291,13874.07743,13148.4427
Pip5k1a,20125.78,21170.625,24723.3305,26207.2905,38421.3515,36454.675,28617.29025,32490.6285
Rabgef1,13463.15725,14027.217,15192.68825,16112.749,18482.3345,17792.208,14947.14413,15469.91648
Saraf,2767.221,1998.12,7450.909,6700.376,10010.035,11511.13,5077.874,6084.6346
Sphk2,13174.21433,13184.166,17262.847,15098.16067,21682.759,20938.89467,22332.85417,20760.8262
Tagap1,9153.290333,7398.010333,20285.47333,16251.16967,34091.625,36754.92667,17354.49453,19429.55437
Tbc1d9b,11631.21,11294.79,20424.85,16859.96,26104.158,24059.01,22056.0732,22970.7448
Zc3hav1,16377.3698,14443.779,24651.0544,24708.4202,33655.1366,32337.5886,26468.21584,27178.59362
Zfp36l1,11465.61753,11113.03977,37795.83167,29114.83233,94706.71667,81721.43933,37710.58107,41018.63157
Znf622,4783.475,3849.759,7031.8985,7892.415,12915.6545,11860.563,9869.107,12059.33185
Znf703,3449.9025,3019.9825,4258.271,3775.295,6371.625,5906.7315,5000.6133,5473.36595
Aak1,124323.246,120935.142,115352.0373,116447.4048,104751.7133,107731.194,94932.37128,92243.8039
Arrb1,38388.56467,38838.29733,27710.08933,28102.99633,28112.25867,31238.734,22896.81713,22942.03503
Ccdc13,9705.754,9737.128,4963.852,5994.518,7676.516,7736.626,6377.2636,6075.6493
Cytip,55614.23,51575.42,30684.8,35253.87,30223.25,32594.06,29100.2962,29964.8692
Dek,69125.37021,67682.8575,67580.51707,69355.88257,57701.50086,59202.0885,42640.10736,41586.28868
Gys1,11742.869,12544.9945,8935.292,9150.61225,7783.06925,8582.514,9540.936325,10034.8617
Ighe,211751.3,209614.8,105306.7,113519.6,105539.936,123190.8,103032.8388,94486.7025
Ints3,62776.6315,59697.7415,34226.77,35177.2055,32889.1595,38181.535,31894.73575,31170.8217
Mical1,10288.67,10494.39,7400.612,7099.674,7226.586,6492.241,6058.9704,6159.483
Mrgbp,37286.15217,36594.09367,23046.63933,24811.738,31610.79733,33671.21833,35811.38058,33623.43038
Nfya,7343.51675,7624.99475,4535.94075,4891.107,5724.8005,6095.416,5649.99335,5828.22535
Pitpnc1,32285.7176,33910.2958,30092.0506,29970.669,27858.2868,27038.1184,27096.07406,26584.69094
Slk,19858.1362,20270.8694,11937.5872,14356.8638,11046.5444,12286.274,11644.76706,11101.57254
Sptbn1,105739.5652,111571.6938,88941.10896,94237.66452,79151.85976,84453.09312,65529.26222,65944.09248
Sympk,27016.88733,26160.92892,23363.34933,22456.44917,17615.3955,18986.70092,17596.661,17891.44547
Taf6,24406.678,25332.0094,27645.899,26345.5498,22060.6308,21226.0196,18577.615,19618.25654
Zc3h4,40472.47933,41740.97333,22424.41983,25944.03408,26099.8285,29399.35858,28600.78517,27280.15985
Dbr1,37153.46247,37378.40818,25856.82618,26664.76282,31190.29165,34035.53947,34029.33879,34570.46232
Gltscr1,27108.84329,26905.69314,24807.20429,24294.63171,25521.90429,25646.50843,23727.70757,22747.65117
Ints1,8971.047286,8730.908571,8123.198429,8045.789714,7719.605,7861.269429,7592.9817,7443.596214
R3hdm1,6847.509,6821.189,3632.968,3213.674,5380.8,6543.904,8660.9159,8218.7888
Rab40b,38150.08,36713.86,20938.16,20034.03,19859.4865,23004.61,28633.93525,29062.7575
Raph1,10798.164,11156.50975,9479.73825,9818.324,10385.738,10922.2615,14098.30253,13631.34145
Tmem151a,41929.82,36252.35,13066.98,18076.65,28908.586,32240.74,39648.9092,41731.4597
X1700028K03Rik,17827.93,19710.38,22889.89,21715.17,8505.61,9220.537,6530.4226,6017.1919
Acss2,13708.20888,13596.74,14002.5985,14385.30175,14351.64138,13913.33738,12057.42774,12035.97383
Add2,16607.32,16803.89,14834.59,17596.32,8384.292,7646.641,7072.5669,7811.4645
Adrbk1,55957.975,53672.175,55994.62,57679.19,39184.354,40192.485,33044.30125,31883.9758
AF067061,9701.177,9010.986,7482.276,8168.086,6321.382,6690.674,4064.1801,3795.3243
Aplf,19147.562,18016.8624,17831.868,16614.051,14025.3666,15407.9022,11564.30692,11863.54208
Arfgap1,39483.94667,39251.15333,33622.27333,34776.55333,26442.14867,27523.82,25907.0196,24555.1429
Bex6,60238.99,67071.255,75163.395,72074.18,39163.551,42756.645,25243.31705,27159.85415
Bfsp2,51980.82,50755.13,61353.87,56161.49,24353.047,29759.28,23210.6946,22201.0285
Camkk2,12184.06138,12565.32513,10722.81,11078.94175,9877.79125,9271.04575,9696.570075,9938.313713
Cc2d1b,21934.9888,21416.3126,25130.2678,25676.4566,20248.7432,18617.3796,17928.16856,16763.20334
Cdkn1b,49295.71933,46714.62333,35696.35467,33820.24633,25478.54367,31919.28867,15352.4041,15672.74267
Cetn2,35258.67,39150.93,34669.84,33261.7,27419.21,29378.12,22563.0407,22399.9656
Ddx59,7898.118,8066.653,6838.371,7077.337,5110.158,5157.612,3479.6957,3356.204
Dntt,21495.505,22396.38,20615.14,21504.67,14172.332,14729.91,12469.2656,13447.5124
Elf1,107761.0673,110336.8554,98866.43838,105271.7566,78237.15325,91804.862,60521.30148,61731.78243
Elf4,11340.2465,10631.43433,9970.445333,10059.561,8147.083667,8829.371,7525.906783,7241.28645
Eps15,46271.7345,46173.27825,57395.4575,53843.835,49183.66425,49208.93775,42374.52185,42581.30643
Fam129a,92285.4672,98059.317,113687.6916,115502.2076,78511.9942,72545.248,65230.11416,60718.02314
Fam65b,48789.0205,47693.563,43832.719,41063.72244,39135.42619,39006.44638,26897.57735,28124.30426
Fli1,8686.533,9028.7976,8166.773,8115.4348,7812.0106,7543.1624,6704.46732,6618.74476
Fmnl1,289216.5775,288493.355,271517.3475,290301.465,248116.3598,250050.425,222681.4177,211817.3458
Foxj2,6011.750667,6277.801,5729.528333,5095.846,4376.656,4504.313333,3643.660233,3565.540967
Fra10ac1,60578.825,57742.255,59435.81,58873.335,48336.192,50279.43,38853.83785,39964.1326
Gdf7,16151.92,15288.75,14598.04,14461.75,15008.413,14206.19,10528.2728,9200.9685
Gpsm3,76500.51533,77584.74633,79965.10433,72561.30167,66568.55767,65244.896,45888.40133,47358.09437
Gtf3c4,42738.89,44147.07,44508.04,40776.12,35863.978,36897.57,24337.8881,25566.0192
Itpr3,15999.27033,16038.52567,15757.36467,14579.40733,12614.97233,12299.04767,11260.18583,10714.91957
Kbtbd11,92552.29214,87212.88171,87916.56871,81597.58829,79031.24929,79361.963,58834.23084,60284.98337
Khsrp,28656.27833,28340.68167,25546.8,26106.58167,23130.05533,24452.78,21760.11195,21824.76775
Ldlrap1,81386.92,79528.38,65086.69,79332.47,53469.361,47335.21,32029.6576,34245.8306
Mageb16,25654.92,25448.575,27009.41,25237.33,17635.5045,17102.645,14850.57645,13857.1033
Mdm1,17981.88613,17024.36238,16465.49938,16224.6665,17334.871,17817.49175,12134.10105,12392.80776
Mib2,20227.82,19798.5,16754.44,18856.19,12540.335,11753.99,10535.0531,11606.2368
Mki67,9394.376,9306.918,9894.385,11348.73,5419.402,5733.963,5353.0313,5273.5065
No66,10051.46333,8720.113,11176.314,12386.584,7471.317,6978.957333,5120.591667,5891.454067
Pagr1b,152966.86,146175.67,157632.245,160011.45,123458.468,132235.345,101981.9449,101605.6338
Pard6a,77833.42,80777.66,78809.88,83363.15,61970.933,68552.56,41944.8377,49109.1853
Pdha1,44981.99118,42964.37736,31787.19391,37153.62245,20675.42273,24808.528,10837.6755,10948.9258
Plekhg2,8308.348,8991.8245,9279.994,8866.1205,8195.953,8238.0125,6644.9375,6559.0023
Prcc,39213.70929,37981.60657,35137.60843,36393.69386,34243.83,34941.53057,32151.61707,31497.61963
Prkcq,19591.47,21780.57,19056.37,20543.54,13531.705,11553.39,7960.9427,8926.7628
Ralgps2,30279.2518,30761.3491,29450.8184,31547.9516,25091.4127,25531.6163,23743.86164,22678.48729
S100a13,12844.19,12219.66,11593.9,11182.99,5854.328,5769.433,5820.5891,4546.1895
Sik2,10195.46,10571.1335,10443.9635,10519.239,7115.4385,7244.148,7413.5247,6289.7533
Srrt,247266.7,250262.118,246198.356,234730.79,202372.1412,211129.15,193796.9451,187546.007
Tbc1d1,48861.1325,46562.23425,49660.1905,48234.88775,44099.72325,43982.57675,35946.39655,36098.53205
Tcp1,16206.44033,15466.791,15476.01933,15307.858,13472.08933,13950.57267,11112.03123,11556.77467
Tmem11,25518.155,24442.885,28359.48,23085.045,10242.0015,9859.3675,8168.5288,9664.20785
Tnpo1,6646.069,6625.135,5550.297,5743.198,4162.112,3708.658,2496.9527,2388.8445
Vmn1r75,7209.762,8070.233,5777.423,5243.589,4738.315,4895.651,2959.4009,2983.4524
Zbtb33,10981.7,11441.885,10501.155,10574.145,8765.2665,8967.7325,10245.38395,10027.046
Zcchc17,23728.76,23147.61,30130.16,26257.94,13194.039,12040.85,12402.5151,12139.8506
Zfp760,44567.09,37109.79,47651.51,46949.04,30556.779,30941.06,16559.4639,20693.1622
X0610011F06Rik,94013.01,96706.97,86907.53,87665.3,71351.22,76150.16,63532.4793,66124.6521
Arrdc1,9822.189,9689.456,11307.63,11322.57,13962.047,14383.56,11660.2682,11411.3866
Atf7ip,24407.65964,24331.8705,23091.32,23100.00864,21040.31307,21576.83114,20219.32701,20547.38857
Atp8a2,6150.3,6586.227,6555.235,5948.866,7289.382,7400.621,9080.8372,9288.3817
Bach1,8037.5475,8119.313,6052.265,5452.156,10077.007,9877.887,8252.5939,7457.40635
Bola1,14312.59,14448.955,12393.44,12680.975,12625.4195,12978.155,14693.0676,14849.97325
Brca1,5677.4395,5610.831,6075.254,6638.681,4911.2095,4887.4355,8069.04185,8103.3859
Cap1,39223.717,39756.1965,55673.1295,55485.0285,44704.506,44711.696,42473.39205,39831.2625
Ccne1,38619.56,37903.35,40753.845,45013.515,39058.82,39461.745,54634.2792,55518.61665
Cep63,49973.63,48658.29,59220.91,58644.03,58346.059,55909.85,59062.2664,57969.2949
Chfr,22266.92667,22047.11333,28527.15667,27229.76,24831.63367,25863.06667,22653.78367,22019.98923
Chrac1,7488.585,8046.6,7892.931,7273.209,8391.856,8352.707,11529.0133,11092.2042
Clns1a,18563.815,19688.52,18818.41,18917.075,20377.8795,18466.875,27853.9795,26582.33145
D17Wsu92e,47540.769,45643.797,49801.6535,48706.0925,50796.1725,51789.8075,55354.74725,54700.61675
Dap,54064.18,52806.07,64216.06,64689.37,67166.973,64779.27,56608.8367,58670.6888
Dctn1,80027.41,77174.97,72702.51,73693,70968.373,71704.99,59789.5779,55923.144
Dhx37,10768.65,10808.71,9700.504,10692.56,10408.737,10252.04,14089.9116,14202.3451
Dyrk1a,61375.125,63885.87,59154.305,60302.795,54458.2725,54794.8,50216.92775,51071.2411
Eaf1,75040.34,74928.755,75934.265,69454.49,88123.125,86115.45,95478.93085,100407.5935
Fam117b,16872.705,16987.754,14315.5815,14815.57925,15599.1855,15239.43875,18516.72245,18022.61275
Foxo3,22999.01333,22741.124,22858.77667,23990.129,18567.466,19258.86067,18884.96603,18526.53357
Fubp1,14711.0075,14695.84881,15089.92644,14814.52869,16418.74988,15934.17506,16024.16899,16145.39354
Gm10073,26433.03,27396.1475,26407.84,27052.28,28138.5185,27358.1075,33035.18423,33789.84745
Gmps,31937.065,31989.39,31983.86,29982.555,28949.06,30508.025,38616.29855,39034.4106
Gsdmdc1,10585.0215,9577.927,13040.345,13673.51,16471.756,15995.13,10523.46895,9412.1793
H2.K1,8760.205,7848.651,8174.149,7672.986,11446.95,11525.92,8269.1291,8600.3234
Hnrnpa3,85967.05433,86919.46222,62556.42256,66686.81433,75632.117,78130.86989,79094.7758,78373.21198
Inpp4b,44638.74,43033.6,63437.25,62601.45,55865.522,54130.92,43889.4026,44720.213
Kif13a,33642.67,33577.49,34512.31,35594.42,32575.106,33201.38,29211.5064,29807.9157
Kpna2,4874.207,5172.57,4653.8545,5112.6925,7353.1875,6864.6995,7158.69505,7413.1469
Kti12,138932.96,140005.825,146583.915,139116.5,171268.956,162087.155,189766.1121,189329.4836
Ldb1,33202.29417,31620.528,32887.33717,31758.35833,24868.788,25729.8475,23546.16352,24229.09192
Lemd2,8110.959,7420.931,7859.38,7846.244,9875.204,10213.14,8944.921,8838.8508
Lrch1,90540.39667,88828.79,79381.67333,81641.85,82986.993,83921.94667,87794.30757,87036.5524
Luc7l2,20323.8,19179.71,16012.713,15793.496,19045.97367,19253.15233,15797.80003,15457.67787
Map2k7,31841.37,31787.28,28056.47,28633.42,33192.713,32149,35926.3065,34321.3818
Mapk8ip3,41335.366,39945.9275,39289.715,37062.1105,38820.2605,37972.76,28153.73285,29779.3868
Mars,52674.77,52881.21,51129.55,56888.39,68297.083,64851.66,70614.3339,70335.4982
Mast1,13688.36,14838.64,16208,15875.95,10727.386,11395.74,10902.8781,10827.1107
Mex3d,35469.846,34579.108,33150.682,33857.12,36358.8186,37069.872,40376.05738,41124.23698
Mphosph9,41367.99,40473.51633,55945.73667,51243.89667,53346.416,54923.64333,38211.30267,40380.75457
Msantd2,27855.96,28690.72,25923.48,26214.59,24542.532,26171.31,22179.575,21554.9322
Myh9,11018.05625,10996.60275,10848.541,11093.99975,12056.8655,12024.30075,8766.3222,8848.821325
Nup188,25050.13,25054.145,30031.4075,30321.75,31895.81425,30312.37075,33584.41758,33559.13548
Ofd1,40232.65975,41058.9265,41799.66375,39392.296,37003.901,36610.37025,31666.6284,32069.72703
Opa1,32444.1,31827.06,30801.14,30281.88,28514.587,29992.46,26169.6675,26486.1519
Pacs2,6070.5375,5863.9995,6626.9215,6263.4255,5612.4215,5543.305,4118.3565,4451.2709
Pebp1,97967.645,96295.54,92898.2225,91822.94,95266.23625,90619.135,80478.90868,80040.85373
Phf12,24174.833,25394.68193,24211.25486,23710.70779,21574.19543,22164.52443,18326.25161,18772.91107
Pid1,9472.285667,9401.694667,10110.90167,10409.832,9492.315,9358.858667,8619.439833,8443.8919
Plxna1,42002.28,42654.025,43286.525,43011.525,41743.038,41369.965,38799.4496,38990.7734
Popdc3,23508.3,23429.73,19941.09,20124.48,19483.202,18539.47,17723.8788,18603.2169
Ppm1j,15946.905,16239.28,17272.49,16555.698,14622.022,15154.825,13519.3257,13643.5331
Ppp1r11,77104.05789,75399.47578,72478.00667,68403.23667,82166.29956,84158.93,50008.02613,48357.3572
Ppwd1,7387.72,7758.852,7835.179,7546.99,8422.726,8095.468,10332.2923,10014.6278
Ptk2b,18155.471,18327.067,19113.1185,19160.3375,17229.537,16801.483,17109.26065,17261.5841
Pum1,12389.99233,12806.14,12294.60467,12592.38,13976.22033,14369.225,15780.7781,14953.4839
Pycard,72912.87,74730.04,73064.595,73474.24,66403.6485,68016.8,63325.4342,63067.33815
Rbm45,8401.143333,8336.632667,8081.378,7932.023,7232.246333,7068.967333,6655.987567,6313.8913
Rock2,73739.47857,74695.97571,78024.05429,71468.02286,76514.35786,73522.62286,97338.71749,100312.4005
Rrm2,32174.46,34014.37,38036.05,37553,28903.465,30379.09,42970.7967,40531.2159
Runx1,39981.13113,39361.926,29182.5815,32456.70875,50643.142,48547.43988,42154.70226,40813.51661
Samd15,17674.04,17804.12,14144.41,14886.69,13545.638,15022.45,12035.5001,11639.4309
Shprh,23884.34,24106.74,23760.01,22893.94,21696.96,20712.29,19789.1382,19767.5309
Smap2,40989.29,42332.465,43376.94,41796.455,46561.2375,46318.49,39728.0846,39894.13085
Smc6,48858.86667,47918.66667,43369.82667,42239.27667,40799.809,41511.19333,37638.90563,38547.46177
Sntb2,9599.601,9935.2365,10336.334,9998.525,8368.243,8093.82,7944.05385,8024.75475
Sphkap,49245.78,50430.16,47649.99,45484.31,49003.043,48202.79,39963.9336,38679.5153
Srp14,9236.23,8816.363,7457.049,7805.84,6183.725,6063.914,6844.6717,7128.8515
Stat1,10479.659,10768.43533,13910.17833,13474.60333,12604.137,11770.549,11240.92493,11136.44893
Stat5a,44033.53,42830.63,50746.31,45526.2,51108.298,53805.26,62503.7101,63437.7962
Stat5b,28994.5275,29131.6075,27743.2475,27501.735,25040.887,26251.89,23197.52743,22238.76238
Strn3,68540.59,74144.7,98963.43,102683,93301.748,93984.77,78190.3123,82870.6209
Suds3,17954.40333,18609.25711,17912.963,18812.14244,15481.04456,16074.09022,14444.4375,14864.96308
Tial1,16165.18,15606.75,16179.88,16869.12,21172.755,20170.91,20784.2637,22158.9039
Tmod3,6142.818,5770.472,7820.939,8176.003,6571.265,6386.65,5876.5646,5434.2437
Tmx1,178246.38,176153.88,173645.84,179573.635,154132.441,155050.145,144298.968,139084.1029
Tprgl,14231.215,14346.055,18031.405,17516.095,15002.116,15190.575,16712.2056,16217.27945
Triobp,18089.304,17824.28883,19342.885,19920.60017,20711.88483,20653.72883,20808.44722,20422.14105
Twf1,49864.17,50601.24,67898.4,65393.17,52993.148,55048.66,49332.6062,47775.8157
Usp1,8554.885,8453.133,8985.553,9616.232,8463.314,8127.233,12097.3582,12220.3025
Usp9x,12711.48575,13023.977,15007.76,15662.612,17883.77575,18023.86,16104.81518,16234.5361
Wrap53,30583.39,29998.43,31393.58,30045.4,26822.641,26677.5,25997.5154,25201.9531
Xpo4,128698.1,123032.5,137979.7,136626.5,132572.89,128636,153071.1905,158305.2546
Xpo6,79225.83,82918.14571,87064.60714,87545.35286,88893.96657,90298.98929,103421.2632,103962.2491
Zbp1,68140.26333,69528.6,90289.84667,85826.81667,79715.94267,82595.63,70172.226,68467.85813
Znf507,10867.67,10718.88,10457.56,9708.469,11772.15,10934.25,14592.1168,15335.9542
